dates,data_GDP,data_cc,data_inv,data_dpc,data_dpas,data_dwc,data_nc,data_gas,data_ukas,data_invRed,data_FFRshadow,data_ASind
1960,0.0154390665072768,0.00273162464115373,0.0889985409752407,1.00157917741444,1.00188397712067,1.00795760167331,0.00749451979821769,0.16722523644533,68.1814,0.0268374681871881,3.93131868131868,-0.0023631893108518
1960.25,-0.00822035941181287,0.00972055598840349,-0.100652439416012,1.00251159900002,1.00137118864641,1.00795760167331,0.00749451979821769,0.191364066136731,67.0209333333333,0.0283021223903317,3.69505494505495,-0.0138823227805856
1960.5,0.00168895132080893,-0.00719881530288369,-0.00573724596086933,1.0034440205856,1.00085840017215,1.00795760167331,0.00749451979821769,0.215502895828132,66.1836666666667,0.0165483215087399,2.9375,-0.00868771162306196
1960.75,-0.0164313159115812,-0.00221987165019222,-0.120925091535095,1.00295755095822,1.00034561169789,1.00795760167331,0.00749451979821769,0.239641725519532,66.2226,0.012597535870313,2.29619565217391,0.00388589722832397
1961,0.0030835150116082,-0.00401448134269256,0.0219785593620383,1.00215856124416,0.999832823223626,1.00795760167331,0.00749451979821769,0.263780555210933,66.1497333333333,0.0179862787296123,1.98755555555556,0.0023025176584256
1961.25,0.0136095787258772,0.0115496370242969,0.0644997280993991,1.00229890393886,0.999903554836247,1.00795760167331,0.00749451979821769,0.310143059040562,67.1787,0.0256186111927992,1.73351648351648,0.0181392935952854
1961.5,0.0159448401059841,0.00178231253736705,0.0717991911596565,1.00256612686846,0.999974286448868,1.00795760167331,0.00749451979821769,0.356505562870191,68.3227,0.022171722800838,1.67934782608696,0.0203883561565584
1961.75,0.0178341965119029,0.0183277874278982,0.0148233513644875,1.00313186224941,1.00004501806149,1.00795760167331,0.00749451979821769,0.402868066699819,71.7555,0.0201395455002693,2.39673913043478,0.0582622151617559
1962,0.0160948324805577,0.00895258089341855,0.050927901962325,1.00513920048738,1.00011574967411,1.00795760167331,0.00749451979821769,0.449230570529448,73.6320333333333,0.0172102333806352,2.45833333333333,0.0357409775288869
1962.25,0.00531151326205759,0.00853422318895891,-0.0116010497339003,1.00164221245725,0.999909762872423,1.00795760167331,0.00749451979821769,0.539095171589351,76.0865333333333,0.022921763035936,2.60714285714286,0.0482620372805851
1962.5,0.007641616587303,0.00345821397995927,0.0122814824262196,1.00211285179445,0.999703776070735,1.00795760167331,0.00749451979821769,0.628959772649254,79.1231333333333,0.024092120619648,2.84510869565217,0.0629008340653942
1962.75,-0.00233054926673937,0.00843626190494362,-0.0353082307169856,1.00204347374197,0.999497789269048,1.00795760167331,0.00749451979821769,0.718824373709158,79.8648333333333,0.0284108358890691,2.92402173913043,0.0185531816179771
1963,0.00595861868177971,0.00208216401599337,0.0463776084036978,1.00436633161067,0.99929180246736,1.00795760167331,0.00749451979821769,0.808688974769061,84.2029333333333,0.035562091477666,2.96566666666667,0.0976125633938495
1963.25,0.00683835389812781,0.00507176739161519,0.0114629196928417,1.00175474488207,0.999761517113728,1.00795760167331,0.00749451979821769,0.864712407531936,81.8693,0.0311529596336504,2.96450549450549,-0.0484992848483632
1963.5,0.017637300197495,0.00936602343443038,0.0262150665736591,1.00131566518937,1.0002312317601,1.00795760167331,0.00749451979821769,0.920735840294811,83.4859666666667,0.025404109092074,3.32652173913043,0.0389660053489823
1963.75,0.00231267730531703,0.00407618803818499,0.007846617566166,1.00808998908938,1.00070094640646,1.00795760167331,0.00749451979821769,0.976759273057686,82.5201666666667,0.0171737895151276,3.45130434782609,-0.0181023538581695
1964,0.0166564652321779,0.0152295216686649,0.0325355453524399,1.00313610009776,1.00117066105283,1.00795760167331,0.00749451979821769,1.03278270582056,82.5397333333333,0.0132605219501807,3.4643956043956,0.00376416704163654
1964.25,0.00683512264362518,0.0135411128965153,-0.00760078365110051,1.00230039246024,1.000446559912,1.00795760167331,0.00749451979821769,1.06271556129751,82.6961666666667,0.0143363493268236,3.48791208791209,0.00677765978049746
1964.5,0.0111933210277311,0.0139943479263405,0.0187620892299503,1.00398763399263,0.999722458771168,1.01051258038909,0.00369514753576361,1.09264841677445,80.425,0.0125090082301718,3.45652173913043,-0.0455104415202525
1964.75,-0.00131288381798988,-0.00154661928707966,0.00505685294582214,1.00452827121925,0.998998357630336,1.00521513567911,0.00581027900671405,1.12258127225139,80.9090666666667,0.0125007337231144,3.57510869565217,0.0135381619677145
1965,0.0197278403747512,0.0178744362827779,0.0868879941659984,1.00502466788232,0.998274256489504,1.01163555467275,0.00935266364090914,1.15251412772834,81.0682333333333,0.0163275938326555,3.97722222222222,0.00671390414249384
1965.25,0.00850316545518437,0.00691760897521831,-0.00142675037684104,1.00457524449552,0.998999006641577,1.00895719360402,0.00733999980516309,1.15037166377211,82.5553333333333,0.0181815444814504,4.07945054945055,0.0354950432625749
1965.5,0.018667101853751,0.0137148195010774,0.0309033877486184,1.00387500512233,0.99972375679365,1.00887767403202,0.00551328922338712,1.14822919981589,84.0159666666667,0.0209858180670803,4.0775,0.0359513678221293
1965.75,0.0194366447047054,0.0243828158848474,0.0032585458219252,1.00685018505595,1.00044850694572,1.0100503358535,0.009391795180131,1.14608673585967,87.4233,0.0255031298295352,4.17076086956522,0.0833856854851932
1966,0.0213650181432286,0.0119685588646825,0.0741781008067059,1.00641492344837,1.0011732570978,1.00871194060202,0.0131464488986084,1.14394427190344,90.8352666666667,0.0257108672823874,4.559,0.0890536632542516
1966.25,0.000611752302925428,-0.000239300629531147,-0.0177129000375968,1.00814351723516,1.00124545969133,1.01109068669416,0.00905756754181164,1.09375508312929,90.3456333333333,0.0230023943563067,4.91373626373626,-0.00930871156329161
1966.5,0.00558296430730598,0.00850428578118168,-0.0102546028755732,1.00961071540413,1.00131766228486,1.01096903137057,0.00334074803133833,1.04356589435513,92.9518666666667,0.0193361493753645,5.41065217391304,0.0719488152125503
1966.75,0.00518572523455418,0.00117266248433801,0.00285882664685655,1.00836274147876,1.0013898648784,1.00965025583216,0.0036204644854303,0.993376705580972,93.1528333333333,0.0143886941889297,5.55978260869565,0.00875995051103706
1967,0.00550469319414937,0.00243363199049096,-0.0281602034200281,1.00414122897664,1.00146206747193,1.01074637207548,-0.00368723678849525,0.943187516806814,93.8888333333333,0.0104702076200471,4.81944444444444,0.0233694344157382
1967.25,-0.00312571490927427,0.00984064999303635,-0.0405866884328345,1.0050724761076,1.0023843426386,1.00945633524204,-0.0075017409416267,0.911292953724928,95.0636,0.00746957215881938,3.99230769230769,0.0358497069256514
1967.5,0.00449808774434324,0.000188140640384304,0.0239821580084776,1.00954294001608,1.00330661780527,1.01401892117933,0.00196185530839665,0.879398390643042,93.7206666666667,0.00678354885106724,3.89184782608696,-0.033781709632735
1967.75,0.0029766963477047,0.00156540800532312,0.0168059894843005,1.01104507811926,1.00422889297195,1.01153415324529,0.00367041207367835,0.847503827561156,93.9100666666667,0.00689062405132912,4.17282608695652,0.00851673271387376
1968,0.0162996482540811,0.0197923605238683,0.0159596497272627,1.01102506983628,1.00515116813862,1.0159275266961,0.00086964461621708,0.81560926447927,93.6505666666667,0.00837441743650569,4.79263736263736,-0.0037619028268745
1968.25,0.0131831177886257,0.0117256470823226,0.0341498912034508,1.01050398018467,1.00620532577224,1.01567781271923,0.00550976160124472,0.786895993332257,90.3167333333333,0.00699964939539033,5.98428571428571,-0.0849693328985769
1968.5,0.00364586386336985,0.0144947236520445,-0.0317243853251945,1.00976566695744,1.00725948340587,1.01543580812984,0.00488095975989022,0.758182722185243,89.4689666666667,0.00465812904740392,5.94652173913043,-0.0182736048531131
1968.75,-0.000826908965529949,-0.000251691827377609,0.00606714926844987,1.01400756414296,1.0083136410395,1.01627816735969,0.00147910433025888,0.72946945103823,87.3595333333333,0.00363293911069285,5.91815217391304,-0.0489405792216404
1969,0.0110547178168403,0.00655160199775962,0.052741636437549,1.01027696465812,1.00936779867312,1.01389653576252,0.00645995501026864,0.700756179891216,87.2194666666667,0.0011485712707735,6.56744444444444,-6.1484387228139e-05
1969.25,-0.00103450144317163,0.00236052670871878,-0.00997842696750251,1.01262951777118,1.00953292494181,1.0168425033945,0.00541891927183169,0.687496045517908,86.7483333333333,-0.00103459930683236,8.33252747252747,-0.00801906950689835
1969.5,0.00230468399958461,0.000584917439308885,0.0158199983173395,1.01395309641709,1.0096980512105,1.01450802648958,0.00157022617134439,0.674235911144599,86.5544333333333,-0.00626630684082841,8.98108695652174,-0.00130749573353239
1969.75,-0.00971887927011705,0.00313051893228211,-0.0543194576797568,1.01281018731454,1.00986317747919,1.01733852716227,-0.0028668615002001,0.660975776771291,84.9410333333333,-0.0130763877338511,8.94163043478261,-0.03459235399161
1970,-0.00667025777061969,0.00100125305991972,-0.0354634677891044,1.0139807858164,1.01002830374787,1.01106094735942,-0.00827185999434699,0.647715642397983,80.8238,-0.0214777308090586,8.55888888888889,-0.0878133864223911
1970.25,-0.00391502613531847,-0.000813511754370833,-0.00316189066502481,1.01385170074129,1.00991766025734,1.01291622526655,-0.0154326772747173,0.635119295933904,76.6880333333333,-0.0217250391323356,7.8832967032967,-0.0800685737033559
1970.5,0.00348747778175884,0.0030429936780032,0.0104564308777331,1.00817988000653,1.00980701676681,1.016642576975,-0.00924720481396601,0.622522949469826,73.8158333333333,-0.0164576143635422,6.71108695652174,-0.0497780327676227
1970.75,-0.0166087305583753,-0.00855316980819953,-0.0603884652242703,1.01311848305816,1.00969637327628,1.01158314108963,-0.0151593211596972,0.609926603005748,70.2233,-0.0181818190055614,5.56826086956522,-0.0575493580186763
1971,0.021219913578566,0.0134357096238893,0.104697829098667,1.01507262835693,1.00958572978575,1.02089344758828,-0.00357249385321312,0.59733025654167,67.8136333333333,-0.00750136639169963,3.86277777777778,-0.0340473456985012
1971.25,-0.000295605203825211,0.00345635986205517,0.0222884280806843,1.01303347256697,1.0092899206302,1.01585114773762,-6.76340165028932e-05,0.582974144820114,66.7520333333333,-0.00530080517030473,4.56725274725275,-0.0122540566560505
1971.5,0.00266637432466821,0.00241161375209709,0.00652949890280929,1.01014599221975,1.00899411147465,1.01378064986875,-0.00376838458199069,0.568618033098559,66.6297333333333,-0.00374224981676985,5.47554347826087,0.001573056125307
1971.75,-0.00331153170556053,0.010789741443924,-0.0329648414954669,1.00830563694342,1.0086983023191,1.01359332213167,0.00398920988148577,0.554261921377004,66.9883666666667,0.00194966087524318,4.74760869565217,0.00851921008128122
1972,0.00694515983986932,0.00183448569376621,0.0525375370660601,1.015083767832,1.00840249316355,1.03101710763505,0.000858047740383228,0.539905809655448,66.6261333333333,0.00485041427181621,3.54901098901099,-0.00190235733531467
1972.25,0.017189920783609,0.0136037716098261,0.0499915813517182,1.00620061874723,1.01000328210773,1.01386504013717,0.0054936971842392,0.523231475419527,65.1106333333333,0.00478492738507175,4.30142857142857,-0.0178947266590838
1972.5,0.00409911451937228,0.00999312874746749,0.00880145669504095,1.0095276265891,1.01160407105191,1.01197619104672,0.00159163839432974,0.506557141183605,63.8755333333333,0.00055544423065701,4.74141304347826,-0.0322950000000001
1972.75,0.0118268974916598,0.0184165996765504,0.0014719478839158,1.01266771818657,1.01320485999609,1.016863806052,0.00956106338034246,0.489882806947683,67.0432333333333,0.00579257908903319,5.14554347826087,0.0579514
1973,0.0192998941454312,0.0129456936402979,0.0518039328427582,1.0114616691994,1.01480564894026,1.01493803710887,0.00810330258990355,0.473208472711762,71.4019666666667,0.00295544948319382,6.53822222222222,0.0855849000000006
1973.25,0.00566635562163942,-0.00561230440141403,0.0365813613228605,1.01525185405677,1.01807870986693,1.01390615456501,0.00390164031227158,0.47284900754783,72.9839666666667,-0.0032755441701342,7.81846153846154,0.0267355000000004
1973.5,-0.0104303982311906,-0.00164386166262709,-0.0420915062913316,1.01928497843875,1.02135177079359,1.01611638428246,-0.00103971212282872,0.472489542383899,74.5439,-0.00808181116230244,10.5577173913043,0.0170464999999996
1973.75,0.00439052921372429,-0.00804412589327619,0.0299430985814375,1.01972934843568,1.02462483172026,1.01507366898573,0.00260000975264774,0.472130077219968,75.4895666666667,-0.0109917785041231,9.99673913043478,0.0150922
1974,-0.0137535798256168,-0.0141055894418316,-0.0639200217313407,1.0186905932824,1.02789789264692,1.01407372721166,-0.0049974756240081,0.471770612056036,73.5610333333333,-0.0176242254254637,9.33377777777778,-0.0278069000000006
1974.25,-0.00271414886836396,-0.00149377017913421,-0.00908774414246505,1.02334312362744,1.02610402738803,1.02226579507898,-0.00405966063208574,0.469784051522019,72.5371,-0.0112573163690382,11.2513186813187,-0.0191742999999997
1974.5,-0.0145011936043553,-0.00071861680326446,-0.0582245067089202,1.0288945277145,1.02431016212913,1.02252347466708,-0.00451839182369884,0.467797490988001,74.1858,-0.00914916414735334,12.0985869565217,0.0234111000000003
1974.75,-0.00889309640060709,-0.0197289775749185,0.00104645270822612,1.02898945636833,1.02251629687024,1.01911822935761,-0.0188684665788932,0.465810930453984,74.2896666666667,-0.0130869214961713,9.34434782608696,0.00680230000000003
1975,-0.0170908074138447,0.0035090861255398,-0.18048245557106,1.02247031038136,1.02072243161135,1.01374343512639,-0.0290216375634142,0.463824369919966,71.3008,-0.0160599091110862,6.30533333333333,-0.055588999999999
1975.25,0.00239172071600668,0.0115864568661861,-0.0349512687651092,1.01475199336979,1.01874754998412,1.01142869582362,-0.0101749276380576,0.452917218877058,70.8958,-0.00579517083357128,5.41846153846154,-0.0039026
1975.5,0.0112820081788421,0.00842278002800745,0.0689775595997375,1.01751873127439,1.0167726683569,1.01620324283846,0.00565713805151491,0.44201006783415,70.1241333333333,0.00623455217172175,6.15586956521739,-0.0184178999999997
1975.75,0.00845627977348373,0.00577691401013913,0.022611954693998,1.01659011653257,1.01479778672967,1.01663240004914,0.00685761785868833,0.431102916791242,69.4061,0.0116332475093186,5.41119565217391,-0.00927040000000003
1976,0.0174638157154963,0.0150216743106548,0.0873362636280701,1.01051195563236,1.01282290510245,1.01568392190255,0.0112981786400326,0.420195765748334,69.5123666666667,0.0167720902259267,4.82648351648352,-0.00440129999999998
1976.25,0.00281499269388119,0.00466334107570665,0.0343213927139097,1.01003111722948,1.01289889951323,1.01610773081593,-0.0013809136530929,0.412237117683652,66.9177333333333,0.00328936115940781,5.19538461538462,-0.0481758000000009
1976.5,0.000649768122620742,0.00565148416427608,-0.00134371316866222,1.01283656031475,1.01297489392401,1.0191235633336,-0.000871015217193349,0.40427846961897,63.8158,0.00527663029008174,5.28347826086957,-0.0473793000000007
1976.75,0.00278993578396403,0.00845892512128188,0.00302091306394292,1.01775517497994,1.01305088833479,1.0187647045859,-0.00299426417112425,0.396319821554288,64.6861666666667,0.0030900552420885,4.87423913043478,0.00904569999999993
1977,0.00737493275519929,0.0073472271247037,0.0409180179993918,1.01597787983984,1.01312688274557,1.0177895415635,0.00398431682970068,0.388361173489607,65.5482,0.00735173385935806,4.66066666666667,0.0182435000000003
1977.25,0.0145688130708268,0.000722156453603962,0.0645522550662276,1.01400850892086,1.0136714693273,1.01871545581136,0.0131758181923742,0.378605082008578,68.6658666666667,0.0104050186856535,5.15747252747253,0.0563006000000001
1977.5,0.0129950677172479,0.00452327326792235,0.0444764273826683,1.01209475421932,1.01421605590903,1.01654956558104,0.00405765124606106,0.368848990527549,68.0736,0.0068792072009165,5.81641304347826,-0.0249284000000002
1977.75,-0.00442579303862756,0.0104760162528033,-0.0298529446660556,1.02136571853066,1.01476064249076,1.01747558784995,0.00820664662555126,0.35909289904652,62.3167,0.00708470650529147,6.51130434782609,-0.111837800000001
1978,-0.00110255202458598,0.00131302420970547,0.0150134410146325,1.01444144741957,1.0153052290725,1.02010712329909,-0.00329391457273553,0.349336807565491,65.6018333333333,0.00889610535947405,6.75955555555556,0.0844936000000012
1978.25,0.0335923894669738,0.0168311543625173,0.0586056274647531,1.01894299449878,1.01655906001265,1.02257693578554,0.0210987992756873,0.345966293092078,72.1700333333333,0.0167100957244477,7.28263736263736,0.112676699999999
1978.5,0.0054361462543886,-0.000378568757978925,0.0241505143777454,1.016831525212,1.01781289095281,1.01815137753178,0.00479703697431466,0.342595778618665,75.2237,0.00862808522643732,8.09478260869565,0.0661840000000004
1978.75,0.0086852680347187,0.00337020515867081,0.0181954641815611,1.0202703047855,1.01906672189297,1.02113538073034,0.00374780093582716,0.339225264145252,77.3754,0.00912623854892214,9.57782608695652,0.0344382999999999
1979,-0.00268586274324845,0.000683710630793755,-0.00282221472476429,1.01805466378443,1.02032055283313,1.01961915788919,0.00331559685449845,0.335854749671838,79.9142,0.00890302267719445,10.0732222222222,0.0602298999999998
1979.25,-0.00314217909516135,-0.00486005953378665,-0.00511185019006,1.02419211660292,1.02134715520892,1.01446582953864,-0.00247955105444575,0.34018219357554,79.1688666666667,0.00643896283691792,10.181978021978,0.0224225999999997
1979.5,0.00283677118144121,0.00511935143778919,-0.0215486770280009,1.02162558658248,1.02237375758472,1.02157410694456,0.00391347916053864,0.344509637479242,81.3457666666667,0.00847324236774227,10.9401086956522,0.0467514999999994
1979.75,-0.00266457941418574,-0.00267725721865242,-0.0230601858239545,1.01839473587107,1.02340035996051,1.01652076810812,-0.00191101182576769,0.348837081382945,83.2226333333333,0.00956576498601525,13.5802173913043,0.0412736999999996
1980,-0.00111233867711125,-0.00568290806072635,-0.0111146384960392,1.02078627259295,1.0244269623363,1.01826534797729,-0.00733473567944509,0.353164525286646,84.1679333333333,0.00485655825629827,15.0652747252747,0.0371244000000002
1980.25,-0.0247300574900384,-0.0266884457627117,-0.0927734208977924,1.02350825270123,1.02374990269459,1.02040379318186,-0.0162834644764818,0.351697970979702,82.7964,0.00116950983885022,12.6689010989011,0.00878359999999993
1980.5,-0.00533192877130073,0.00676687990731706,-0.0724226449682073,1.022107070365,1.02307284305287,1.02047853134354,-0.0105423318458957,0.350231416672758,82.6307666666667,0.00559309143453124,9.82315217391304,0.0154001000000002
1980.75,0.0150155367538964,0.00995845025950182,0.0856510005116267,1.02571769035754,1.02239578341115,1.02478677898246,0.0106551359513842,0.348764862365813,84.0810333333333,0.0147987153512821,15.8528260869565,0.0361284000000004
1981,0.0159410033688983,-0.000119408864756032,0.0850570352736044,1.02598904401304,1.02171872376943,1.02142606417268,0.00176303531756661,0.347298308058869,81.3953666666667,0.0110143473869551,16.5955555555556,-0.0314562000000005
1981.25,-0.0107311062493736,-0.00322020918482657,-0.0456212511792486,1.01963103298464,1.02065864272824,1.01871773432294,-0.00160341730700919,0.347814761882145,77.6180333333333,0.00371638306444755,17.7869230769231,-0.0403426000000005
1981.5,0.00852228581074765,0.00123333480097854,0.0514497150930442,1.01863689904649,1.01959856168706,1.0188177595748,-0.00507754065060562,0.348331215705421,74.7807,0.0112861746605084,17.594347826087,-0.0322427
1981.75,-0.014339511237524,-0.0102478257823528,-0.0392336688384649,1.01713422687757,1.01853848064587,1.01454090392251,-0.0115542748066177,0.348847669528697,73.4109666666667,0.000536458490882019,13.5883695652174,-0.00415369999999997
1982,-0.0186161334406907,0.00438022044981823,-0.102326955914674,1.01366931944287,1.01747839960468,1.01433249290078,-0.018480811109713,0.349364123351973,71.1478666666667,0.00784346847736117,14.2074444444444,-0.0084133
1982.25,0.00150663545702789,-3.5492043735097e-06,-0.00380497204580443,1.01290799346836,1.01610834553503,1.01157569195789,-0.00548404101941191,0.34915760533464,69.2175666666667,0.00693401449066577,14.5141758241758,-0.0133171999999999
1982.5,-0.00674240238246471,0.00376917845693603,-0.0121181459665145,1.01408675184989,1.01473829146538,1.01354804803731,-0.0115071562969775,0.348951087317308,69.0017666666667,0.00888052592770805,11.0127173913043,0.00515709999999999
1982.75,-0.00263523968404433,0.0143306335342435,-0.0834844509311257,1.01030824670144,1.01336823739573,1.00712343259429,-0.0128748857730288,0.348744569299976,70.0201666666667,0.00250899410452465,9.28391304347826,0.0384439999999994
1983,0.0104434327936107,0.00718937665070296,0.0314108404672897,1.00751690557582,1.01199818332607,1.01244829352657,0.00127238753640002,0.348538051282644,68.7219,0.0103277933729604,8.65755555555556,-0.00588470000000009
1983.25,0.0198974249697428,0.0175546658502492,0.0822528689151492,1.00740221089224,1.0114518845684,1.00984825358058,0.00976969310837594,0.342546758195221,66.1337,0.018012753536258,8.80274725274725,-0.0424622999999991
1983.5,0.0169691659953819,0.0149486139886652,0.0579013108482043,1.01056952548485,1.01090558581073,1.00813343239301,0.00938108195941201,0.336555465107799,65.0985333333333,0.012848884897636,9.45815217391304,-0.0226229999999996
1983.75,0.017779761635472,0.0129422623809203,0.0899697376920345,1.00755545775617,1.01035928705306,1.01047551884044,0.016768002534906,0.330564172020376,65.8166333333333,0.0195535553083683,9.43010869565217,0.00879549999999985
1984,0.0152046557956491,0.00411013989017439,0.0881004827286729,1.01007351399073,1.00981298829539,1.0087789869497,0.00989229260559243,0.324572878932954,67.7726666666667,0.0107651128980297,9.68857142857143,0.0367322000000005
1984.25,0.0145910665082702,0.0113733624547114,0.0294632736080667,1.00852182264138,1.00859334904142,1.00830865313902,0.00758744872162742,0.323609784461859,69.5271,0.0235987649002709,10.5547252747253,0.0369991000000004
1984.5,0.00692946193710986,0.00472397320684026,0.0187448734489974,1.00885191592398,1.00737370978744,1.00745832701685,0.00528889814322842,0.322646689990765,70.4385666666667,0.0199702231965739,11.3922826086957,0.0258618000000004
1984.75,0.00513882795756215,0.00983454075393997,-0.0160922131089061,1.00744593934248,1.00615407053347,1.00623783699056,0.00397368709244272,0.32168359551967,71.5724,0.0263887637085229,9.2625,0.0375530999999992
1985,0.00744474569390263,0.0146483021628248,-0.0300005887008714,1.00983852282095,1.00493443127949,1.00697136828037,0.00090762872904282,0.320720501048576,71.9608,0.0240741890371874,8.47511111111111,0.0167870000000004
1985.25,0.00638054440001889,0.00675292515022585,0.0145033991592216,1.00641740833792,1.00459683127531,1.0084550849585,0.00576487634552736,0.315950356827487,72.2566333333333,0.0188567570600444,7.9243956043956,0.0180186000000001
1985.5,0.012534832303031,0.0161945057893482,-0.00946195763761537,1.00601285026248,1.00425923127112,1.0064848596512,0.000400198915714522,0.311180212606398,72.2217,0.012912096093264,7.90097826086957,0.0205571000000003
1985.75,0.00445445882667883,-0.000790124701727901,0.0332439818144268,1.00557636379792,1.00392163126694,1.00644307705529,0.00395699456420928,0.306410068385309,73.4270333333333,0.0121145784646135,8.10445652173913,0.0313585000000002
1986,0.00436021330101211,0.00376917003090282,-0.00522527734576617,1.00496211552824,1.00358403126276,1.00565079672796,-0.000781658975165023,0.301639924164221,73.8335666666667,-4.45546726179913e-05,7.82688888888889,0.0195684999999999
1986.25,0.00174292397647546,0.00808677650338696,-0.0203638068253138,1.00377878817808,1.00398420151629,1.00300075243924,-0.00510507964214879,0.303255348531215,73.4169333333333,0.000446895971408345,6.91846153846154,0.0143684000000001
1986.5,0.00667247469009391,0.0146830890436989,-0.030119094305129,1.0040951297406,1.00438437176982,1.00336511815031,0.00208000436867151,0.304870772898209,73.9274666666667,0.00671410201399159,6.20945652173913,0.0168293000000001
1986.75,0.00243077758830657,0.00318869927640764,6.40550388597561e-05,1.00542851084684,1.00478454202335,1.00706716722309,0.00355269930488422,0.306486197265204,74.7041666666667,0.0104300968185376,6.26673913043478,0.0184137
1987,0.0039219808126929,-0.00250543974714335,0.0231282274738591,1.00633680333399,1.00518471227688,1.00591280362711,0.00638131596734137,0.308101621632198,74.9226333333333,0.00997656379313128,6.22255555555556,0.0119181000000001
1987.25,0.00784837530870419,0.0106715151284589,-0.00236136605417059,1.00690231019127,1.00679168425374,1.00587804778419,0.00394286730072224,0.311493476965133,74.7905333333333,0.00636395938404366,6.65,0.00381199999999998
1987.5,0.00596095155801279,0.00867046287259754,-0.00253222104632744,1.00754150647538,1.0083986562306,1.00693559998624,0.00446464315914286,0.314885332298068,75.3244333333333,0.00520615820467185,6.8395652173913,0.0034999
1987.75,0.0145633821746252,-0.000347891388938759,0.0634556706505522,1.00793263328706,1.01000562820746,1.01013399914155,0.00679249801832693,0.318277187631003,76.5205333333333,0.00169258488958945,6.91967391304348,0.0155278000000001
1988,0.00242985008262409,0.0147877432777817,-0.0519193007221865,1.0078170086845,1.01161260018432,1.00431190032069,0.000770351569942207,0.321669042963939,78.769,-0.00515994023462696,6.66593406593407,0.0244412999999997
1988.25,0.0107621795676716,0.00506449955573629,0.0212556693877275,1.00968151014548,1.01055965891864,1.01034430483114,0.00588121104059036,0.328301871652696,78.6677333333333,0.00398701978540039,7.15494505494506,-0.00428419999999999
1988.5,0.00339925912598016,0.00640361912533072,0.00309715438571434,1.0118800675677,1.00950671765296,1.00848061619842,0.00264143365112268,0.334934700341454,79.8737333333333,0.0049438963266093,7.98347826086956,0.0207565000000003
1988.75,0.0110051401373288,0.00907407271854499,0.012913182898485,1.00860812957831,1.00845377638728,1.01119675798192,0.00771530135897036,0.341567529030211,81.5058666666667,0.00513263843837564,8.46847826086957,0.0128880000000002
1989,0.0073152045037399,0.00182917823082329,0.0305785407492918,1.01036932776522,1.0074008351216,1.01003989738566,0.00376944415088953,0.348200357718969,83.7262666666667,0.0010668323784353,9.44644444444444,0.0187375000000002
1989.25,0.00542417384915694,0.0024773147786612,-0.0118994083226225,1.01059398336889,1.00697101601226,1.00789161755544,-0.000364133811903145,0.35512753145969,87.9160666666667,-0.000348935166467612,9.72571428571429,0.0566655000000004
1989.5,0.00510487234557511,0.00735781312712591,-0.0112957532262614,1.00728156572625,1.00654119690292,1.00918530016385,0.0002747451947962,0.362054705200411,87.8284666666667,0.00350606849531232,9.08358695652174,-0.0017222
1989.75,-0.000254722909215133,0.00211358309063803,-0.00966880598650555,1.00709796059369,1.00611137779358,1.01010790277083,0.00143854473338534,0.368981878941132,81.8791666666667,0.00701845637797671,8.61445652173913,-0.0775284000000011
1990,0.00286942819043068,0.000381398251967369,0.00188202359253076,1.01072677117349,1.00568155868424,1.01232732585417,-0.0012321180837751,0.375909052681853,84.2205666666667,0.00468725573950657,7.89941938409301,0.0450767999999989
1990.25,0.00152064616879022,0.000939525560146315,-0.00178966527509861,1.01113796621145,1.00607357352562,1.00922880643762,-0.00262731059645693,0.378446489978256,84.6067,0.00732562203517784,7.85920934716497,0.00814850000000003
1990.5,-0.00164209801989346,0.00164682396359384,-0.0218825792037816,1.00853555208393,1.00646558836699,1.008494007292,-0.00553757955664791,0.38098392727466,85.0039,0.00224455018027658,7.53187565612434,0.0053044
1990.75,-0.0118547178639901,-0.0103456634873647,-0.0602765055537793,1.00741799680448,1.00685760320837,1.00713131061108,-0.00834651040812151,0.383521364571063,84.6602666666667,-0.000846488301146309,7.09578681582763,-0.00470829999999998
1991,-0.00682221478905465,-0.00589996107817026,-0.0359727293528183,1.0097470122365,1.00724961804975,1.0070808149081,-0.00831739576933943,0.386058801867466,84.8798666666667,0.00392808782563314,6.08432635947305,-0.00326939999999995
1991.25,0.00575080621466695,0.00623728325041695,-0.00201970186193101,1.00731042204456,1.00694764432776,1.0089400340005,-0.00734229514477835,0.381782569952926,83.5425,0.00919923165699199,5.54417762384384,-0.0284258000000002
1991.5,0.00260118814181487,0.00253398129382365,0.0171666880358572,1.00778304546118,1.00664567060577,1.00696866931609,-0.00148917269318227,0.377506338038385,84.8528666666667,-0.0101538646253774,5.22671194723356,-0.00525969999999996
1991.75,0.0007137872914873,-0.00326633152889322,0.0320788251742972,1.00591916909868,1.00634369688378,1.00503779402996,-0.00263346678881726,0.373230106123845,85.0668333333333,0.0111908367297104,4.31746796656031,-0.0110468
1992,0.00969056832368054,0.0163404419354869,-0.0208558996282386,1.00371034916837,1.00604172316179,1.00501254182354,-0.00201299973416669,0.368953874209304,82.4962,-0.00483054601616484,3.55314907661113,-0.0406564999999993
1992.25,0.00853824017452354,0.00451878853764942,0.052765218568994,1.00599319614742,1.00529124582346,1.00716179302762,0.00520386717909727,0.365287224356199,79.8427666666667,-0.00646438324617193,3.32478101611696,-0.0394229999999995
1992.5,0.00714709807066027,0.00797667444489303,0.00523216209869481,1.00487583466366,1.00454076848513,1.00587782048018,-0.00122521742206105,0.361620574503094,78.9616333333333,-0.01199082880078,3.01061533942902,-0.0153390000000001
1992.75,0.00731595990924871,0.00878949900361281,0.0269958694009249,1.00686095752825,1.0037902911468,1.0058434734937,-0.000277951430803114,0.357953924649989,78.7915,-0.00765536437544156,2.89634324575853,-0.00391910000000003
1993,-0.000860908796310511,0.00129736870590902,0.0207729920326676,1.00558816582225,1.00303981380848,1.0079413978749,0.00430132900877567,0.354287274796883,77.6167666666667,-0.000671560167661234,2.87058434074126,-0.0174334000000002
1993.25,0.00349204604812892,0.00674265323506962,0.00342454563207184,1.00593729643962,1.00360188379418,1.00485585172657,0.00598985258098184,0.346840173265824,75.1362666666667,-0.00379964374986219,3.05010021565421,-0.0410566999999992
1993.5,0.0021286150562787,0.0084360821387639,-0.00944633272167117,1.00592702155454,1.00416395377989,1.00573586478245,0.0046395291868202,0.339393071734764,74.1450666666667,-0.00705409366997944,3.06828728290049,-0.0235966000000004
1993.75,0.010678197410571,0.00590903495689421,0.048381961777312,1.00543815434911,1.0047260237656,1.00719859137353,0.00507262583384538,0.331945970203704,72.9347333333333,-0.014318872487614,3.12450091525831,-0.0257755000000001
1994,0.00728553053930181,0.00900193905257352,0.0350115386833707,1.00476971220193,1.00528809375131,1.00714714179964,0.00432892388899431,0.324498868672644,70.2015333333333,-0.00235930906912785,3.38717555859765,-0.0478942000000008
1994.25,0.0112355581749459,0.00552608624086748,0.0457851135537917,1.004821200299,1.00712636027213,1.00503182947136,0.0108399925471412,0.321429723812697,68.7908666666667,0.00331840682494988,4.39380747885174,-0.0380243
1994.5,0.0031452230171598,0.00491293546384464,-0.0191535480718885,1.00571575148808,1.00896462679295,1.00647441932013,0.00704597148318742,0.31836057895275,66.9487,0.00670911836575883,4.84037871545843,-0.0336165000000005
1994.75,0.00859941334425951,0.007962648386453,0.0375264221258975,1.00541134771376,1.01080289331377,1.00759793251855,0.00415705195743676,0.315291434092804,67.5877666666667,0.00183871166993566,6.11849547898674,0.0028927
1995,0.00211794477670102,0.00106316732959844,0.00902381804141772,1.00540622158811,1.01264115983459,1.0060949252675,0.00413449543868483,0.312222289232857,67.0563666666667,-0.00179922475277206,6.10306390097593,-0.00749770000000003
1995.25,0.000890327074150932,0.00664015847182364,-0.0230771506382368,1.00479562490013,1.01034652392554,1.00634556499028,-0.00323686330024708,0.310800641094063,67.1126666666667,0.0104587669818708,5.79973799055118,0.00667080000000009
1995.5,0.00589534903850186,0.00644629611168712,-0.00855383193374948,1.00491097305767,1.00805188801649,1.00887368066899,0.00261396898831068,0.309378992955269,66.1317,0.00392972426686367,5.52470468455756,-0.0198687
1995.75,0.00403148523477848,0.00421535519809835,0.0217953159523434,1.00480914743911,1.00575725210744,1.00709927729643,0.000919906880613386,0.307957344816476,61.5680333333333,0.0157641369884907,5.41567551951938,-0.0890016999999983
1996,0.00533550007067918,0.00705424967333901,0.0138047410000377,1.00479864800849,1.00346261619839,1.00789181096997,-0.00174107779282417,0.306535696677682,63.142,0.0134058360404685,5.07487926681104,0.0404169999999997
1996.25,0.0140249552285687,0.00818397440066976,0.0444154264261947,1.00413348382046,1.00448051715763,1.00922180630554,0.00897500987153599,0.30288879298992,67.8676333333333,0.00901531894423524,5.2013320882774,0.0893760999999989
1996.5,0.00608647449944621,0.00319229937066767,0.0415799084719195,1.00326583823522,1.00549841811687,1.00886186912776,0.00524801730585489,0.299241889302158,69.6605666666667,0.0125202579557584,5.31937485068776,0.0330634999999999
1996.75,0.00730952081789882,0.00491253028586369,-0.00434055248701082,1.00533233553213,1.0065163190761,1.0087840257363,0.00387895326189902,0.295594985614396,70.7961333333333,0.0138073522573476,5.21146083353671,0.0225556000000003
1997,0.001787945867608,0.00583891307088491,0.0153438014172496,1.00594423765149,1.00753422003534,1.01006126774237,0.00156088119290887,0.291948081926634,71.8461,0.0102911177647274,5.33060737569646,0.0197536000000003
1997.25,0.0143132273000095,0.00232188606525963,0.0572219886830831,1.00201927623424,1.00660639414365,1.00862074304391,0.00691260813927697,0.284671868187261,73.5582333333333,-0.00187366228543961,5.37911256592748,0.0361648000000009
1997.5,0.00981410411537542,0.0142778767160743,0.0112876579282677,1.00433202086366,1.00567856825196,1.01040703188656,0.0060931017265391,0.277395654447888,74.5864333333333,0.00345873759923698,5.42593672370937,0.0263601999999996
1997.75,0.00575841270382149,0.00908885938916937,0.0120170706902725,1.00327856844914,1.00475074236026,1.01187505708205,0.00508375313843556,0.270119440708516,76.3923333333333,0.00216095358430568,5.42042804858594,0.0454677999999991
1998,0.00769270062219407,0.00781296627956518,0.0404274893045695,1.00146373481191,1.00382291646857,1.00965938850965,0.00287977445779353,0.262843226969143,79.3463,0.0188469111816811,5.37832198321479,0.0523835999999992
1998.25,0.00672354968193645,0.0149639950351275,-0.00868708010409769,1.00235863435692,1.00435955399376,1.01008151229658,0.000908231927760905,0.258488531501653,81.8328,0.0094915040327237,5.34588094885587,0.049126800000001
1998.5,0.00963459768618202,0.0101408747022549,0.0225689878642443,1.00428813888169,1.00489619151896,1.0079416326193,0.00283706677405293,0.254133836034162,84.7887333333333,0.0136094072707369,5.06971483009455,0.050829800000001
1998.75,0.0130442105574642,0.0113550820576243,0.0274078599989522,1.00274528658861,1.00543282904415,1.00863826509705,0.00396901664001925,0.249779140566672,85.1446,-0.00121556220653662,4.72064472337943,0.00937659999999995
1999,0.00562459051010844,0.00644893757119114,0.0233195947761651,1.00318961734405,1.00596946656934,1.00931644658722,-0.0007519817058248,0.245424445099182,81.9149,0.0110127845527508,4.77821316483238,-0.0384397999999994
1999.25,0.00563294369103806,0.0125157343804978,-0.0020584269628241,1.00377993152698,1.00677435029784,1.00923045096754,0.00269340435896215,0.24286706833848,78.8813666666667,0.0148044096862563,4.80406444736993,-0.0356463000000002
1999.5,0.0101974891980614,0.00823327712297184,0.0241230486740402,1.00355570959075,1.00757923402634,1.00939206113046,0.00385735856563585,0.240309691577779,76.5873666666667,0.0231357069325444,5.09754256359978,-0.0391631000000006
1999.75,0.0133345767691084,0.0115614339242085,0.0234843023419193,1.00551134270981,1.00838411775484,1.00857323071049,0.00482877810198756,0.237752314817077,72.0647666666667,0.00576561416973664,5.57682356637317,-0.0726956000000016
2000,-0.010285956081804,0.00108356138652477,-0.0209813528072562,1.00661329294644,1.00918900148334,1.00970881412696,-0.00803948682298161,0.235194938056376,68.2677333333333,0.0105872764577555,5.92147993004658,-0.0699517999999988
2000.25,0.0149464904873282,0.00619870422812729,0.0544196247627662,1.00621018421713,1.00670724286632,1.01009381316922,0.000862406860645315,0.234850218870313,65.6497333333333,0.000701320777545256,6.41550716847891,-0.0452244000000005
2000.5,-0.00218586920300412,0.00635213176829019,-0.0130440443792619,1.00585344847942,1.00422548424931,1.00904552704148,-0.00319705654646141,0.23450549968425,66.1455,0.0132800534994679,6.43933649130873,0.0164787000000002
2000.75,0.00291688561504566,0.00568975074154565,-0.00109526536881965,1.005404878401,1.00174372563229,1.01131020539159,-0.0039252346703389,0.234160780498187,67.8694333333333,0.00602066882506058,6.35713217159776,0.0426673999999994
2001,-0.00577595921047713,0.00109182827312004,-0.0489590579790473,1.00654672855765,0.999261967015275,1.00909627263247,-0.00292855065520259,0.233816061312124,69.6920666666667,0.00417614683688772,4.69999493889554,0.042204300000001
2001.25,0.0032347174666012,-0.000952892326046229,-0.00153397242660791,1.00602890384098,0.999012009330385,1.00970432754353,-0.00856714371657974,0.232007648396016,70.689,0.0087513725915862,3.44286030268569,0.0221221999999995
2001.5,-0.00720105893719936,0.000284158492699138,-0.0250651959986197,1.00391905975308,0.998762051645495,1.00641762459326,-0.00915087646086921,0.230199235479908,72.0078666666667,-0.00119644116414008,2.68384390460728,0.0230834999999997
2001.75,-0.000428596173894569,0.0128084078228246,-0.0539937994537336,1.00310554206582,0.998512093960605,1.0079645431825,-0.0132131275403466,0.2283908225638,71.4696666666667,-0.0032418443340978,1.12754606381506,-0.0174039999999998
2002,0.0056956453017869,-0.000328623332710887,0.0265236096896926,1.00322698696223,0.998262136275715,1.00542496809686,-0.0048055079687459,0.226582409647692,69.3268333333333,-0.00631952840903072,1.10586403799934,-0.0405567000000005
2002.25,0.00364845677728542,0.00255784171740192,0.0138102733915515,1.00345832036051,0.999734290803746,1.00674008392985,-0.00046177131238867,0.225512504763465,67.2508333333333,0.00672718166877306,1.02480977617394,-0.0500775000000004
2002.5,0.000974791715344647,0.00392154364501884,-0.0045337281282638,1.00480447477969,1.00120644533178,1.00891668859209,-0.00470738789773151,0.224442599879237,66.3930333333333,-0.00104396997841238,1.38713452660668,-0.0271609999999997
2002.75,-0.00178924181516704,0.00245160164677349,-0.00371244674364846,1.00571553871836,1.00267859985981,1.00905783283282,-0.00497092977925639,0.223372694995009,65.4062333333333,0.0133517652460107,1.23718601625457,-0.0207075000000002
2003,-0.00198767355039431,-0.00222799284741537,0.000521032430322421,1.00498271438477,1.00415075438784,1.0067945466875,-0.0112770235707438,0.222302790110781,64.8268666666667,0.00137633797697045,1.07708455211806,0.000177999999999996
2003.25,0.00587894666556954,0.00836953155696474,0.00386251848011465,1.00343651902317,1.00458715860081,1.00414169529372,-0.00675790764593742,0.220883356595876,64.5569,0.000999624269685917,1.13065567712987,-0.00428919999999998
2003.5,0.0131913404813431,0.0107007091267639,0.0324494492772764,1.00566421711278,1.00502356281379,1.005639928182,-0.00327109198284292,0.219463923080971,63.7073333333333,-0.00457504635743078,0.842706783833322,-0.0230697000000004
2003.75,0.00803579454673153,0.00342233679487292,0.0296951783034629,1.00614173370278,1.00545996702676,1.00302376040324,0.000899344789587975,0.218044489566065,62.9201,-0.00197868083092967,0.815976016065304,-0.0211185
2004,0.00535146782482743,0.00891911447099636,0.00162089118937292,1.00705027422518,1.00589637123974,1.00494784272823,0.00373853040543182,0.21662505605116,61.7986,0.00188395132026908,0.802485117373726,-0.0296039999999995
2004.25,0.00498474061335319,0.00266919608366889,0.0363952885555898,1.00799996300337,1.00608636723819,1.00620389196989,0.00172876069617223,0.213864332161179,61.8215,0.00804456981552537,1.08727478633581,0.0013545
2004.5,0.00620417474631729,0.00851348012606357,0.0122301924405344,1.0063981987218,1.00627636323665,1.00658945949001,-0.00068569692734366,0.211103608271199,63.4212,0.0107300984946388,1.66378694988481,0.0250817999999996
2004.75,0.00687447454662271,0.00795356892113475,0.0173558290310352,1.00770436524071,1.00646635923511,1.00654632260732,0.0029573572486985,0.208342884381218,65.5384666666667,0.0022317458088823,2.32294533775006,0.0397865999999995
2005,0.00828868277327288,0.00357514250220436,0.0249663731671896,1.0079351450034,1.00665635523357,1.00608542429858,-0.000261452930068184,0.205582160491237,68.3975,0.0249890725792712,2.82700463749168,0.048802199999999
2005.25,0.00203204066499163,0.00819878731094148,-0.0162177054047028,1.00724168803629,1.00641490945845,1.00667225160907,0.00264704475025157,0.202537608803931,71.9358333333333,0.000612028491537409,3.17984329392975,0.072205400000001
2005.5,0.00451501348492656,0.00495220039818145,0.00981973937566938,1.00905448792118,1.00617346368333,1.00807207115065,0.00218353433421736,0.199493057116625,67.9317666666667,0.00643498305738266,3.78199006147354,-0.0543399000000009
2005.75,0.00225212193172908,-0.0015695092973127,0.0285794649289599,1.0080569565764,1.00593201790821,1.00862074304391,0.00211948361363223,0.196448505429319,70.7705,-0.0133677723499099,4.29628609710139,0.0615276000000001
2006,0.010901065098083,0.00835014120539235,0.0122420850291176,1.00702926949934,1.00569057213309,1.0103691078484,0.00345522259246778,0.193403953742013,71.7128333333333,0.0101220842058769,4.63491909211955,0.0173260000000003
2006.25,-0.000480123166623159,0.00223813167809217,-0.00940183116700144,1.00882695850068,1.0061540021988,1.01126319227871,0.00286354016901891,0.194501621012326,72.2530666666667,0.0185736730357622,5.07995592075498,0.0062984999999999
2006.5,-0.00170316367469514,0.00319453833261729,-0.00707218281393907,1.00695054621251,1.0066174322645,1.00915793778477,-0.00105759315761711,0.195599288282639,73.1785333333333,0.0319430209759659,5.19448794711192,0.0100277000000001
2006.75,0.00522277700987805,0.00631488383060708,-0.0227701484195215,1.00373554697386,1.0070808623302,1.0094675263384,0.000501777484558819,0.196696955552952,75.1360333333333,0.0222423782725185,5.14965645175883,0.0249439000000002
2007,-0.0011632220774489,0.00205379614518142,-0.0109990168026028,1.0095327946635,1.0075442923959,1.01015633730229,-0.00202647341977302,0.197794622823264,78.0544,-0.00991861224127355,5.15068337692072,0.043878800000001
2007.25,0.00358387680855143,-0.000159523551885421,0.00818894454978025,1.00666518701937,1.00749574630248,1.01082345316691,0.000808553990185423,0.199811200388104,82.0235666666667,0.00420014619185771,5.10888235416155,0.0527486000000007
2007.5,0.00286498248019784,0.00350880762629702,-0.0132849286067689,1.00518298390888,1.00744720020907,1.00956578941409,-0.00353639027339137,0.201827777952944,87.6028666666667,-0.00668865936881957,4.64998836823891,0.0782396999999985
2007.75,0.00295346684325049,0.00080855950156522,-0.0155048431738773,1.00423262752552,1.00739865411566,1.00720928942966,-0.0014308538310801,0.203844355517783,91.2446,0.0159712237963454,3.89298835503891,0.0448511999999998
2008,-0.00352436988741456,-0.000813888242728211,-0.0261044782688344,1.00350345086968,1.00735010802224,1.00959465548743,-0.00104975651384231,0.205860933082623,91.3462333333333,0.00638741008389854,2.22275021308234,0.00122570000000001
2008.25,0.00311842805589224,0.000163688066151302,-0.0208907333221902,1.00505781671866,1.00490808650187,1.00968891499746,-0.00700921570205182,0.207835633869379,90.9086333333333,0.00810150566545609,1.94095752054589,0.00217150000000004
2008.5,-0.008278809147376,-0.0107331162316204,-0.0232493252875452,1.00752027517548,1.00246606498151,1.01014675249212,-0.0101225962498992,0.209810334656136,80.5334666666667,-0.0190770178938333,2.02989894472262,-0.135692799999999
2008.75,-0.0251208347615166,-0.0120882164104961,-0.104194416271419,1.00236232612217,1.00002404346114,1.00840801882587,-0.0217466800888646,0.211785035442892,73.0981,-3.30141848792209e-05,1.30297621129915,-0.107826599999998
2009,-0.0120989614406533,-0.00291600124874236,-0.123172490612043,0.999513951129182,0.997582021940772,1.00725429369165,-0.0231848999074962,0.213759736229649,76.3184,-0.0317311531579234,0.745842271707518,0.117569900000003
2009.25,-0.00401821752412257,-0.00725237672391854,-0.0617116776533466,0.998246306194131,0.999722289283748,1.00486706684069,-0.0214070861589635,0.211780402762469,73.3857,0.0199408823696476,0.218267077684522,-0.0359066999999995
2009.5,0.000925187113377746,0.00401470448439234,-0.00497295806202036,1.00107997400924,1.00186255662672,1.00627410859781,-0.00806109991794246,0.20980106929529,73.0925666666667,0.00408744081551315,-0.268722126016822,-0.000655799999999952
2009.75,0.00789052188050521,-0.00383480289250349,0.0857027547299554,1.00328548306895,1.0040028239697,1.0072999522962,-0.00457814224410757,0.20782173582811,72.4470333333333,0.0107865509030889,-0.413001334799648,0.0159272
2010,0.00390167229043703,0.00469230099342344,0.0214126320541652,1.00271957554703,1.00614309131267,1.00583710864022,-0.000420673044698283,0.205842402360931,73.6766666666667,-0.0206899277781192,-0.489579210988343,0.0232880000000004
2010.25,0.00748230720862741,0.00677936928480349,0.0490011886071402,1.00486516941708,1.00652992645351,1.0051016031132,0.00673386383908348,0.201648723818575,74.0018666666667,-0.0082834524817752,-0.497138677296819,0.00776339999999999
2010.5,0.00518844031808019,0.00459570174081669,0.0411176815517589,1.00301568403656,1.00691676159435,1.00472648582306,0.000313115114680684,0.197455045276219,74.0694333333333,0.0111774890520353,-0.69463932045362,0.0168767999999999
2010.75,0.00263364066063732,0.0035613917869779,-0.0057395839834351,1.00584290431963,1.00730359673519,1.00644096577861,0.000976650795799561,0.193261366733863,71.3854333333333,0.00763764220413687,-0.945330220708679,-0.0242049000000004
2011,-0.00299977344978819,0.00322470267285313,-0.019619515152435,1.00514995215539,1.00769043187603,1.00536472689263,0.000925118107593992,0.189067688191507,69.3801,0.000811487536886091,-1.03133218567171,-0.0260214999999995
2011.25,0.00481548658999298,-0.000913654785562823,0.0381549492876738,1.00657792265017,1.00732070668032,1.00413366072585,0.00726469842575739,0.187244346469248,69.7266,0.00295712796898151,-1.1095263407985,0.0087459
2011.5,-0.00270417126864508,0.000722921382582342,0.000986680787401717,1.006165386706,1.0069509814846,1.00411664389254,0.000810922631988564,0.18542100474699,71.4221,0.00288660727360046,-1.32395255229631,0.0317713000000001
2011.75,0.00882108657729397,-0.0006086337658191,0.0719140742659681,1.00120442750683,1.00658125628889,1.00444065631519,0.00385210665290447,0.183597663024732,74.4712333333333,0.00791284156124838,-1.46240816857046,0.0336327999999997
2012,-0.000157265680102991,-0.00111477748876831,0.0123687293020733,1.00605354255425,1.00621153109318,1.00238297985107,-0.000410105235746805,0.181774321302474,75.9505333333333,-0.0197367592182509,-1.41918756994953,0.0325635
2012.25,0.00235487959324043,-0.000439153212272725,0.0205701688353193,1.00402203071388,1.00542394372091,1.00441052453733,-0.0010280931077018,0.179783615341152,76.4077666666667,-0.00553965796336975,-1.20343729591901,0.0186235000000003
2012.5,-0.000701319961665448,-0.000425109138056712,0.00207895557359539,1.00516459164124,1.00463635634864,1.00304208448224,0.000615560115714064,0.17779290937983,77.7316666666667,-0.00241811132166259,-1.26596915274561,0.0315285000000003
2012.75,-0.00138308893201966,0.00149200673277594,-0.0114141233374321,1.005062670905,1.00384876897638,1.00454584501988,0.00141715566618617,0.175802203418508,78.1130333333333,0.0087103040627925,-1.39724076218399,0.0116584
2013,0.00594242127885192,0.00261533173650141,0.0339099400414895,1.00398709526532,1.00306118160411,1.00686367472322,0.00397033478401765,0.173811497457186,78.0402,0.0205458444294893,-1.40689878468702,0.00217700000000001
2013.25,-0.000788577327409001,-0.000643846602164988,0.00894316870312029,1.0028377852497,1.00375430808365,1.00449438958784,0.0011356800033635,0.173544213742813,77.8510333333333,-0.00227621351125329,-1.25407186275012,-0.00112730000000001
2013.5,0.00545248117125485,0.00129874204090408,0.0355243661600859,1.00470112322068,1.00444743456318,1.00546585211722,-0.00151499011067457,0.173276930028441,76.8677666666667,0.00471790435159303,-1.66367455423111,-0.0125398000000001
2013.75,0.00463658125876831,0.00553304183104464,0.00117176175280775,1.00595822227877,1.00514056104272,1.00592887112228,0.00313783251403876,0.173009646314068,77.6691666666667,-0.00975658377289257,-1.99476030330518,0.0075791
2014,-0.00562074812997171,0.00171274840651003,-0.013269086064831,1.00415880700555,1.00583368752226,1.00801378072355,-0.00142305872526372,0.172742362599695,78.7023,-0.00773991238872096,-2.51426505862616,0.0139850999999999
2014.25,0.0105804879747629,0.00706443565356141,0.0391566004976749,1.00564316198733,1.00596764019141,1.00390180953475,0.00859638574175436,0.172303352346706,81.3515333333333,0.0133952867895255,-2.92200334897957,0.0303885999999998
2014.5,0.00913130872386692,0.00733836479504779,0.0177998587851276,1.00435423410659,1.00610159286056,1.005178843101,0.00295014564420626,0.171864342093718,83.4212666666667,0.00885359579893574,-2.8447993105843,0.0211544000000003
2014.75,0.00202552676103185,0.00865768040250581,-0.00136999920157344,1.00166204504225,1.00623554552971,1.00338409798424,0.00527716069028639,0.171425331840729,84.6262333333333,0.0230920774601877,-2.66360057283743,0.0148972
2015,0.00385757096410533,0.00240746958877214,0.0300474858915729,0.99964494009598,1.00636949819886,1.00513479947204,0.000535288303587844,0.17098632158774,85.0649,-0.0183601510835301,-2.01694929086095,0.00413809999999999
2015.25,0.00354221390113185,0.00450615278124689,0.000764722535014251,1.00540153039801,1.00383994671325,1.00685862805051,-0.00123492719720053,0.170477501182756,84.1786333333333,-0.00084980924126743,-1.47687275622318,-0.0144318000000002
2015.5,0.000685776456874176,0.00505456008586425,-0.00456410200167756,1.00297704087426,1.00131039522764,1.00491557320553,0.00411528139128237,0.169968680777772,82.0184666666667,0.013502195182971,-0.983638509272119,-0.0267485000000001
2015.75,-0.00109354635792913,0.00246502733905496,-0.014654159658912,0.999909885349193,0.998780843742024,1.00646435045723,0.00334658242635077,0.169459860372788,79.3831333333333,0.0192266699095862,-0.0933535940488378,-0.0297173000000007
2016,0.00254594559141719,0.00397874935949938,-0.00762463862550256,0.999198059850826,0.996251292256412,1.00657897109804,-0.00217993821033291,0.168951039967804,77.1177,0.0172419623520597,0.478120447773286,-0.0272302000000001
2016.25,0.000649296746693562,0.00269923606351252,-0.00761717455858779,1.00704158452874,0.99902406024164,1.00638084804455,0.000389408842820238,0.167790690920279,76.305,0.0146629281970005,0.436663713275447,-0.00612399999999999
2016.5,0.00333061922315503,0.00317877073036277,-0.000717207591279134,1.00277153022063,1.00179682822687,1.00556932132611,0.00252204386625055,0.166630341872755,76.3160666666667,0.00382682950100488,0.476818567635866,-0.00593060000000008
2016.75,0.00228408971513705,0.00216321508790474,0.0225112677727202,1.00524828176244,1.00456959621209,1.00584527121921,-0.000103410250055891,0.16546999282523,77.2887,-0.0073118007001467,0.458045564018312,0.0134331000000002
2017,0.00583639481127651,0.00836162453312816,-0.00200324531609208,1.00504325706608,1.00734236419732,1.00565880534292,0.00392375890185104,0.164309643777705,78.1195666666667,0.0131444138808741,0.468747981006681,0.0114125000000001
2017.25,0.00352579202507375,0.00260735534499634,0.0153333081702778,1.0032029397177,1.00772501787067,1.00532361132569,0.00559570254250241,0.164295967932211,79.4820333333333,-0.00871138933647408,0.977184519428394,0.0272477000000001
2017.5,0.00486829777690634,0.00334391518672783,0.0126930826439882,1.00496212186522,1.00810767154403,1.00695392069061,-0.000484625880583955,0.164282292086716,79.8007333333333,0.00828732560547962,1.09683513240047,0.0186241000000002
2017.75,0.00707306522376339,0.00818389903943917,0.00918445535046164,1.00708343657872,1.00849032521738,1.00480914662975,0.00527995680624516,0.164268616241221,78.8964,0.0084401372656675,1.28286962035949,-0.00213130000000001
2018,0.00371692307829452,0.00208910530793327,0.0166264118794226,1.00542945354933,1.00887297889073,1.00821206556037,-0.00092627036202142,0.164254940395727,77.6741666666667,0.0108679372305751,1.53060836137176,-0.0105877999999999
2018.25,0.00628661776069528,0.00650390957899249,-0.000173707414373503,1.00886166562668,1.00796714595126,1.00858755647604,0.00539720003770716,0.163950351391285,77.6811666666667,0.0169588582688132,1.78810285482036,0.00120070000000001
2018.5,0.00244012275617722,0.00417907925435879,0.0207531254604003,1.00328947309644,1.00706131301178,1.0077832832894,0.000468246687526985,0.163645762386843,77.2024333333333,0.00381570253436703,2.03160121819678,-0.00407929999999996
2018.75,-0.000236383793204897,0.00178297528451177,0.00297902151924756,1.00520847704733,1.00615548007231,1.00931864634987,-0.00109861965725244,0.163341173382401,75.5835666666667,0.0192301639019021,2.41113328329868,-0.0206006000000005
